model,rank,feature,feature_label,importance_mean,importance_std,shap_mean_signed
Logistic Regression,1,tag_count,Number of tags,0.34252747176712284,0.34159994736106347,-0.1185308400962245
Logistic Regression,2,tag__engineer,Tag: engineer,0.2753375274308741,0.0802329093772144,0.011806926562215879
Logistic Regression,3,tag__technical,Tag: technical,0.202766996868736,0.1871595425111109,-0.019724416037814746
Logistic Regression,4,tag__non_tech,Tag: non tech,0.16387963974986142,0.21796369037140198,0.01154081970069447
Logistic Regression,5,tag__javascript,Tag: javascript,0.1517610001601016,0.15617946178960557,0.019259010172601638
Logistic Regression,6,tag__sales,Tag: sales,0.14933547152879315,0.16362079333273655,-0.013549077753354781
Logistic Regression,7,post_month,Posting month,0.13200192541085098,0.07444537363453417,0.005584887780639614
Logistic Regression,8,tag__support,Tag: support,0.13107712857588344,0.08854637427910016,-0.0044951004312717285
Logistic Regression,9,location_count,Number of location labels,0.12930964252018723,0.03488677767766985,0.0015857134056595763
Logistic Regression,10,tag__marketing,Tag: marketing,0.0847334784700969,0.09883017221705899,-0.006069733414763388
Logistic Regression,11,tag__video,Tag: video,0.0845204881217307,0.15585134130006884,-0.008221837365927145
Logistic Regression,12,tag__design,Tag: design,0.07542742974012263,0.07607073819879126,-0.017701080971591444
Logistic Regression,13,tag__system,Tag: system,0.07121187552769317,0.0916024729783649,0.018739967244129643
Logistic Regression,14,post_year,Posting year,0.06831622275846105,0.03619846041815824,0.003092164578687128
Logistic Regression,15,title__analyst,Title term: analyst,0.0667339350389276,0.14718032248311416,0.022854087342098466
Logistic Regression,16,tag__lead,Tag: lead,0.06536308122129177,0.05475959798863366,0.019674257750615987
Logistic Regression,17,tag__english,Tag: english,0.06458686498948134,0.1330558546216191,0.004325013280545671
Logistic Regression,18,tag__developer,Tag: developer,0.06266239702161695,0.03364066024255364,-0.012099735908308495
Logistic Regression,19,tag__senior,Tag: senior,0.06006002317872997,0.020266299561188313,0.0026388410886963886
Logistic Regression,20,tag__ruby,Tag: ruby,0.060054339866544175,0.10530732476857453,-0.031705707382958345
Logistic Regression,21,tag__golang,Tag: golang,0.059592718946449366,0.1095280825311981,-0.007514844759955762
Logistic Regression,22,tag__engineering,Tag: engineering,0.05275515728389805,0.0335967650886071,0.0064023249130944326
Logistic Regression,23,tag__legal,Tag: legal,0.05224801346230932,0.09674443055070774,0.001796699224976228
Logistic Regression,24,tag__software,Tag: software,0.051450211162938596,0.037133162654427926,-0.01399273525351887
Logistic Regression,25,tag__management,Tag: management,0.0509105916968526,0.0263578158809042,0.00183811709241781
Logistic Regression,26,tag__manager,Tag: manager,0.04868500925031153,0.050504025510015205,0.0007991629883504956
Logistic Regression,27,tag__analyst,Tag: analyst,0.048037000885329306,0.10594461839093172,-0.01645102770045527
Logistic Regression,28,tag__operational,Tag: operational,0.0472726732842766,0.07965961579077088,0.0007166869812655774
Logistic Regression,29,tag__growth,Tag: growth,0.041683390850473054,0.04067244919809576,0.00396694056410068
Logistic Regression,30,tag__financial,Tag: financial,0.04058485732264617,0.03699544647978192,-0.007475442574499478
Logistic Regression,31,tag__salesforce,Tag: salesforce,0.039129844202380824,0.1035320732403969,0.010913496101069727
Logistic Regression,32,tag__medical,Tag: medical,0.03821299762867856,0.10459577305870368,-0.004362214341173409
Logistic Regression,33,tag__saas,Tag: saas,0.036888542847498554,0.06943015941444428,-0.015166377032791086
Logistic Regression,34,tag__training,Tag: training,0.036513071351093565,0.04856322475828137,-0.002571343052893891
Logistic Regression,35,title__architect,Title term: architect,0.03440910432500177,0.11624362537757672,0.005871860806314313
Logistic Regression,36,title__stack,Title term: stack,0.03436263510709376,0.11263493146832312,0.010077019092989376
Logistic Regression,37,tag__go,Tag: go,0.03381893784950792,0.052203856489634916,0.00258028518689024
Logistic Regression,38,tag__api,Tag: api,0.03377759619386916,0.05686952839434107,0.00149723387384171
Logistic Regression,39,tag__quality_assurance,Tag: quality assurance,0.03126036083678669,0.057751205914200236,0.002364626387048935
Logistic Regression,40,tag__react,Tag: react,0.029917183119933525,0.046180998975100994,-0.002282592811795552
Logistic Regression,41,title__front,Title term: front,0.029430685735042744,0.07297223390990315,0.012833147849582493
Logistic Regression,42,description_chars_log,"Description length, log",0.029316945591866976,0.0613063545970178,-0.009668727234501379
Logistic Regression,43,tag__microsoft,Tag: microsoft,0.02923661171124292,0.060353162576936834,-0.0006040622254389154
Logistic Regression,44,tag__leader,Tag: leader,0.029190479193455902,0.06351736517076502,0.010951407610095991
Logistic Regression,45,tag__python,Tag: python,0.028997337505515433,0.048525062453877985,-0.0034357034959141505
Logistic Regression,46,title__lead,Title term: lead,0.028682795777287454,0.06477295470505057,0.007830716475858533
Logistic Regression,47,tag__operations,Tag: operations,0.028227741873773724,0.045294808542521804,0.008629404784781402
Logistic Regression,48,tag__travel,Tag: travel,0.028126720900621714,0.05337625606629489,0.011082539485299348
Logistic Regression,49,tag__crypto,Tag: crypto,0.027333796198516766,0.07448120972120348,0.004043460976111945
Logistic Regression,50,tag__health,Tag: health,0.027099887614665537,0.030175664350407392,0.008276579987027013
Logistic Regression,51,tag__recruiter,Tag: recruiter,0.026769514186821518,0.08623121151111203,-0.009167641844801892
Logistic Regression,52,tag__testing,Tag: testing,0.025123658357293032,0.05842304919446528,-0.0034321937646574815
Logistic Regression,53,title__end,Title term: end,0.024986566482287517,0.055107358954085854,-0.008557043315851838
Logistic Regression,54,tag__analytics,Tag: analytics,0.024806821443827648,0.045533933540638366,0.011359559324525103
Logistic Regression,55,title__developer,Title term: developer,0.024680442591888518,0.023670447666364048,-0.005095603048594588
Logistic Regression,56,title__backend,Title term: backend,0.024385456471028962,0.04514949385186033,0.000892586254430061
Logistic Regression,57,tag__full_time,Tag: full-time,0.022494694837622058,0.03465177838966842,0.0022405074539464218
Logistic Regression,58,location__india,Location: india,0.02224961250907633,0.07579472282444673,0.0025169244919769577
Logistic Regression,59,tag__executive,Tag: executive,0.022156727984728466,0.04101313877521668,0.00981627189196834
Logistic Regression,60,title__full,Title term: full,0.021627611255419964,0.08720030011062849,-0.012418681374578754
Logistic Regression,61,tag__code,Tag: code,0.02116194638541586,0.035222547474141386,0.0033203890772096267
Logistic Regression,62,tag__security,Tag: security,0.021040341510998036,0.0321323118776432,0.0034508526376988524
Logistic Regression,63,tag__backend,Tag: backend,0.020903831144689817,0.01783766104176561,0.004970573164939387
Logistic Regression,64,title__engineering,Title term: engineering,0.02035183350754154,0.0667098831399993,0.00596827962097997
Logistic Regression,65,title__frontend,Title term: frontend,0.017614928908292405,0.0816475758857343,-0.0059509894960447654
Logistic Regression,66,tag__devops,Tag: devops,0.016235225781638607,0.02726859495405729,-0.0013351336991479158
Logistic Regression,67,title__data,Title term: data,0.016091425636483594,0.036930480096991465,0.003380551604303271
Logistic Regression,68,title__software,Title term: software,0.01577285931586814,0.018372186395887207,0.0013933621303770407
Logistic Regression,69,posting_age_days,Posting age in days,0.015307004080634718,0.0076305116193117264,-0.0006513023062083585
Logistic Regression,70,tag__director,Tag: director,0.015037430676787018,0.030978716652977422,0.0010069708042491454
Logistic Regression,71,title__designer,Title term: designer,0.01502034494543776,0.048384237865532156,0.005143953748437594
Logistic Regression,72,tag__front_end,Tag: front end,0.014927536406976267,0.020883452949250366,-0.003217141467020749
Logistic Regression,73,tag__fintech,Tag: fintech,0.014733154322234262,0.04056701881492196,0.0005231944006475263
Logistic Regression,74,title__scientist,Title term: scientist,0.01467275303301852,0.06565445538301083,0.006128238140282297
Logistic Regression,75,title__sales,Title term: sales,0.014252096047996687,0.03909340359149595,-0.0013394827112778738
Logistic Regression,76,title__product,Title term: product,0.01423196250495849,0.026292498716771747,-0.0010765478445505668
Logistic Regression,77,title__support,Title term: support,0.01339423368522433,0.030914059795286872,0.0024442032272307315
Logistic Regression,78,title__web,Title term: web,0.01316593548567204,0.06456363931517953,-0.0012101043644919178
Logistic Regression,79,location__brazil,Location: brazil,0.012841541574791749,0.08189105197778844,-0.012841541574791749
Logistic Regression,80,tag__android,Tag: android,0.012777461174094866,0.05517558592236151,-0.006143010179853287
Logistic Regression,81,title__devops,Title term: devops,0.012446958455023114,0.042401357134693056,-0.0014080269745501178
Logistic Regression,82,title__director,Title term: director,0.012257084205551935,0.0511146490274081,0.0065197256412510285
Logistic Regression,83,tag__finance,Tag: finance,0.01221197707462943,0.025209194726470534,0.0002523135759221024
Logistic Regression,84,tag__linux,Tag: linux,0.01176237884227877,0.04591152812746989,0.007172182220901708
Logistic Regression,85,tag__voice,Tag: voice,0.01155396890110969,0.046584412108532584,0.006634346100460547
Logistic Regression,86,location__mexico,Location: mexico,0.010891731296198337,0.03612027416575409,0.0027643988061416876
Logistic Regression,87,tag__java,Tag: java,0.009829873664191765,0.022858581520702064,0.0013428789158731907
Logistic Regression,88,title__operations,Title term: operations,0.009825514837362053,0.026894182186386666,0.0011216341138541135
Logistic Regression,89,title__security,Title term: security,0.009738789836578245,0.032296771686118046,-0.0024717740701975296
Logistic Regression,90,title__customer,Title term: customer,0.009700770443589407,0.0317974919763373,-0.0028448007165951254
Logistic Regression,91,tag__git,Tag: git,0.00951183586870193,0.019120238599015026,-0.0021727543862516997
Logistic Regression,92,tag__consulting,Tag: consulting,0.009336607241558659,0.021771074950362474,-0.0010756459955712726
Logistic Regression,93,title__development,Title term: development,0.009004779997921722,0.041738372152529075,-0.0030421554047032834
Logistic Regression,94,title__senior,Title term: senior,0.008884223390334867,0.00432438743528795,0.0010184082669204115
Logistic Regression,95,tag__junior,Tag: junior,0.008746606611222167,0.014118974661593437,0.0025133927043741807
Logistic Regression,96,title__technical,Title term: technical,0.008727233997743765,0.02972987873893273,-0.0009872436649031443
Logistic Regression,97,tag__mobile,Tag: mobile,0.00869659359769187,0.018000801479951745,0.004102166791364102
Logistic Regression,98,title__content,Title term: content,0.008508521893030321,0.0667254756855043,-0.008508521893030321
Logistic Regression,99,tag__recruitment,Tag: recruitment,0.008402537236281595,0.019699971132221415,0.00041762113500405456
Logistic Regression,100,tag__ui,Tag: ui,0.008252055139018097,0.014755704726640308,-0.002160223858381683
Logistic Regression,101,tag__cloud,Tag: cloud,0.008088927594326162,0.007928488376948387,-6.379280437165805e-05
Logistic Regression,102,tag__test,Tag: test,0.007771843657216417,0.014390644526397572,0.0002672573472220219
Logistic Regression,103,location__united_states,Location: united states,0.007331106059564453,0.0042295520020778216,0.00027890077400516834
Logistic Regression,104,title__systems,Title term: systems,0.006481417668323664,0.028801593329153424,-0.002793714512208448
Logistic Regression,105,title__account,Title term: account,0.006468743468800637,0.014929941278796158,0.0011804276402920758
Logistic Regression,106,location__canada,Location: canada,0.0062709969702776725,0.01726688301212302,-0.0002226916537740614
Logistic Regression,107,tag__node,Tag: node,0.00612797790214871,0.014289201928512648,0.0007059882375747351
Logistic Regression,108,location__germany,Location: germany,0.006127490647835005,2.5153490401663703e-17,0.006127490647835005
Logistic Regression,109,title__executive,Title term: executive,0.005990087775885442,0.02680314660358466,-0.0025018266367063335
Logistic Regression,110,tag__content,Tag: content,0.005932787949319817,0.011792315114409131,0.001606009476726706
Logistic Regression,111,tag__recruiting,Tag: recruiting,0.005647534876251625,0.013240795119594785,-0.00028069258828288267
Logistic Regression,112,title__rails,Title term: rails,0.00526288295710533,3.209238430557093e-17,0.00526288295710533
Logistic Regression,113,tag__investment,Tag: investment,0.005204452112954907,0.02328775440260491,0.002173697183215053
Logistic Regression,114,title__manager,Title term: manager,0.005107476147260889,0.005957181934959147,0.00036586505352871444
Logistic Regression,115,tag__web,Tag: web,0.0050268549238600664,0.010938243861747283,0.0018859278363731581
Logistic Regression,116,tag__full_stack,Tag: full-stack,0.004894726537575621,0.01910535089198324,0.002984589352180266
Logistic Regression,117,title__marketing,Title term: marketing,0.004856142280672637,0.021729213051055133,-0.0020282217162714083
Logistic Regression,118,title__engineer,Title term: engineer,0.004795358278989938,0.0018491751293584094,-0.00017399703479644216
Logistic Regression,119,title__specialist,Title term: specialist,0.00474836790626921,0.010017137615351543,-0.0020826175027496507
Logistic Regression,120,location__spain,Location: spain,0.00458076695039087,5.204170427930421e-18,0.00458076695039087
Logistic Regression,121,title__associate,Title term: associate,0.004038277425000196,0.019336806351262115,0.0009435227628505084
Logistic Regression,122,title__cloud,Title term: cloud,0.003991966470477664,0.019535248501254876,-0.0004475298733719351
Logistic Regression,123,title__ruby,Title term: ruby,0.003215486813607518,0.014288717114065062,-0.0013859856955204767
Logistic Regression,124,title__principal,Title term: principal,0.0029650972743301444,1.1275702593849246e-17,-0.0029650972743301444
Logistic Regression,125,title__representative,Title term: representative,0.002876476218120209,0.020135333526841482,0.0028764762181202083
Logistic Regression,126,title__success,Title term: success,0.0027737437612273203,0.01768828089686875,-0.0027737437612273194
Logistic Regression,127,title__staff,Title term: staff,0.0027170239845573543,0.012073688793614987,0.0011711310278264312
Logistic Regression,128,title__platform,Title term: platform,0.002585686857330938,0.018099808001316497,-0.0025856868573309374
Logistic Regression,129,location__poland,Location: poland,0.0024718693830422934,2.6020852139652106e-18,0.0024718693830422934
Logistic Regression,130,location__argentina,Location: argentina,0.0022097011551078486,0.03486849608925416,-0.0022097011551078486
Logistic Regression,131,tag__accounting,Tag: accounting,0.0021991847674319564,0.004988022082824556,0.000566800197791742
Logistic Regression,132,title__golang,Title term: golang,0.0021759190663917767,0.0038240874760156296,-0.0016757670535007708
Logistic Regression,133,tag__edu,Tag: edu,0.0020839589316421513,0.0035002058346554113,0.0001713782016153082
Logistic Regression,134,tag__excel,Tag: excel,0.0019726977547044468,0.006734262643585738,-0.00018333622255617413
Logistic Regression,135,title_chars_log,"Title length, log",0.0018625923703950381,0.0014691836862448652,-0.00014075857527442255
Logistic Regression,136,tag__ux,Tag: ux,0.0018159582054074013,0.004262830539240515,7.259817746962937e-19
Logistic Regression,137,location__netherlands,Location: netherlands,0.0017363118047444464,0.01575489696119742,0.0017363118047444464
Logistic Regression,138,title__business,Title term: business,0.0016860471484158777,0.008250908486512177,0.00018901873861164526
Logistic Regression,139,title__fullstack,Title term: fullstack,0.0014970950355022135,0.0038051695877323937,-0.001004761768793431
Logistic Regression,140,tag__educational,Tag: educational,0.0013530491753976671,0.004618948085222552,0.000125748064628036
Logistic Regression,141,tag__strategy,Tag: strategy,0.0013201576344277525,0.002295272021444226,-0.0004561255400293315
Logistic Regression,142,location__united_kingdom,Location: united kingdom,0.0010151956108830273,0.0038412539969916804,0.0006497863473272293
Logistic Regression,143,title__enterprise,Title term: enterprise,0.000857236194278646,0.006722612171325386,0.000857236194278646
Logistic Regression,144,title__intern,Title term: intern,0.0008360610638235093,0.002072980699856722,-0.000364561510388159
Logistic Regression,145,tag__reliability,Tag: reliability,0.0007599471902404551,0.0025315590943025836,-0.00017979823112944534
Logistic Regression,146,location__nigeria,Location: nigeria,0.0006152789120075434,0.009708937467649897,0.0006152789120075434
Logistic Regression,147,location__philippines,Location: philippines,0.0005991404903317718,0.009454277469039828,-0.0005991404903317718
Logistic Regression,148,title__react,Title term: react,0.00029680259098703246,0.0014554723781801475,-2.7279649906896712e-05
Logistic Regression,149,tag__healthcare,Tag: healthcare,0.00020891153228598855,0.00048580698537051416,-2.8539826815025705e-05
Logistic Regression,150,location__australia,Location: australia,5.6090571497509616e-18,7.703719777548943e-33,-5.6090571497509616e-18
Logistic Regression,151,location__gibraltar,Location: gibraltar,8.858261331177713e-19,1.925929944387236e-33,-8.858261331177713e-19
Logistic Regression,152,location__colombia,Location: colombia,8.359963664730984e-19,4.237045877651919e-33,-8.359963664730984e-19
Logistic Regression,153,location__ireland,Location: ireland,4.897720686459771e-19,1.6370404527291505e-33,-4.897720686459771e-19
Logistic Regression,154,location__singapore,Location: singapore,2.636426593795056e-19,2.407412430484045e-34,2.636426593795056e-19
Logistic Regression,155,location__france,Location: france,0.0,0.0,0.0
Logistic Regression,156,location__portugal,Location: portugal,0.0,0.0,0.0
Random Forest,1,posting_age_days,Posting age in days,0.07095093742128933,0.05666987332817918,0.005718877614898568
Random Forest,2,post_year,Posting year,0.04887675639304445,0.04084437415824185,0.0013517710952204915
Random Forest,3,tag__sales,Tag: sales,0.024591190627598458,0.028657469490303365,-0.0013926351817830033
Random Forest,4,tag_count,Number of tags,0.02269900175905685,0.015968871235399595,0.0006398043446354995
Random Forest,5,tag__engineer,Tag: engineer,0.020161209637590195,0.01420101729932489,-0.00036277539997823626
Random Forest,6,tag__non_tech,Tag: non tech,0.018198854205880584,0.025412428860987872,0.0016887797289074026
Random Forest,7,tag__marketing,Tag: marketing,0.017027862825935703,0.021349868580666297,0.001058779445280477
Random Forest,8,tag__javascript,Tag: javascript,0.01632523619876848,0.021175353611102538,0.0015657883484132362
Random Forest,9,tag__technical,Tag: technical,0.013456334337417159,0.012049068323037137,0.0005890637113413191
Random Forest,10,tag__support,Tag: support,0.012956244289617766,0.008811261279678415,0.002597650267178604
Random Forest,11,post_month,Posting month,0.011553865505396025,0.010386778165474217,-0.00017571570316821615
Random Forest,12,title__engineer,Title term: engineer,0.010615068693702738,0.008093661924415288,-6.652995720958319e-05
Random Forest,13,location_count,Number of location labels,0.010358228945067863,0.005961653588863855,-6.105518085067559e-05
Random Forest,14,description_chars_log,"Description length, log",0.00860717093664538,0.010346959930336321,-0.0002385458601053199
Random Forest,15,tag__video,Tag: video,0.008587155723137672,0.01448015108217605,0.0006188911456190082
Random Forest,16,tag__react,Tag: react,0.005877657106221482,0.009035529633403094,0.0005401148484689542
Random Forest,17,tag__engineering,Tag: engineering,0.005566908461845274,0.005658734604192237,0.0005609765725851165
Random Forest,18,tag__english,Tag: english,0.005305914158076868,0.011084707097431562,0.0005402789723647675
Random Forest,19,tag__senior,Tag: senior,0.005154986189793084,0.005400381317227067,-0.0004301159627349304
Random Forest,20,tag__saas,Tag: saas,0.004608354119156452,0.006100841169220295,0.00031710009799884847
Random Forest,21,tag__system,Tag: system,0.0045507143642424894,0.005103862303410264,9.857448438518587e-05
Random Forest,22,tag__design,Tag: design,0.00454533582731523,0.005912631832580629,-0.0004712257619930409
Random Forest,23,tag__cloud,Tag: cloud,0.004509684648149787,0.005538718604188373,-0.0010847804131351405
Random Forest,24,tag__management,Tag: management,0.00448314595241235,0.0035327658303111733,0.0004051367884336665
Random Forest,25,title_chars_log,"Title length, log",0.0034530450459252164,0.003034605213357839,0.0005275835637037786
Random Forest,26,tag__front_end,Tag: front end,0.003251026177777239,0.005573463113374896,0.0007767930642025634
Random Forest,27,tag__golang,Tag: golang,0.0030226005493549863,0.005661019732864045,0.00028047929515622095
Random Forest,28,tag__testing,Tag: testing,0.0028948882328051965,0.005278260666550509,0.0006854445243316711
Random Forest,29,tag__developer,Tag: developer,0.0027911318733571237,0.0033792452144351423,-0.00030119007368577965
Random Forest,30,tag__microsoft,Tag: microsoft,0.0027172778618899823,0.006367600575564851,5.613777582845472e-05
Random Forest,31,title__software,Title term: software,0.002513035133503749,0.0035020936924103382,0.0003035724217993386
Random Forest,32,title__senior,Title term: senior,0.0022903026082973397,0.002873728656279078,0.00025823917798127355
Random Forest,33,tag__content,Tag: content,0.002280744787360589,0.003498759892369293,0.0005756844466558005
Random Forest,34,tag__backend,Tag: backend,0.002190311565527824,0.0031830477633064728,0.0003885862297501718
Random Forest,35,tag__travel,Tag: travel,0.002091059130664059,0.004232141787613331,3.0058734803077057e-05
Random Forest,36,location__united_states,Location: united states,0.0020295824561009494,0.0020766891820214847,8.802814337452652e-05
Random Forest,37,tag__software,Tag: software,0.001980571476531369,0.0023498941304574195,0.00021093308076106603
Random Forest,38,title__data,Title term: data,0.0019755162146658407,0.005613105323318595,0.0006048514942634775
Random Forest,39,tag__lead,Tag: lead,0.001972665845717855,0.0019674179503756696,0.0002691280064877848
Random Forest,40,title__customer,Title term: customer,0.0019244646669337243,0.00628369755753668,0.00010795360367215785
Random Forest,41,tag__node,Tag: node,0.001747730177499207,0.0039040189439787983,0.0005083421063521353
Random Forest,42,tag__python,Tag: python,0.0017437438789796988,0.0033688810002368637,-0.00044128417498450753
Random Forest,43,title__developer,Title term: developer,0.0017259284811971657,0.0023818315971518567,0.0002219271079320945
Random Forest,44,tag__security,Tag: security,0.0017178512150910587,0.0020932276949285544,-0.00033178579395174964
Random Forest,45,tag__ruby,Tag: ruby,0.0017175638307028785,0.0043995324684662105,-0.000714032233199886
Random Forest,46,tag__health,Tag: health,0.001685449157626721,0.002358704651750085,0.00011278120047237538
Random Forest,47,tag__quality_assurance,Tag: quality assurance,0.001644947353383859,0.0036209093595765828,0.00011430250046293739
Random Forest,48,tag__mobile,Tag: mobile,0.0016341577674117767,0.003477199784233394,5.93795251084324e-06
Random Forest,49,title__backend,Title term: backend,0.0015759843388059229,0.0028038562376183195,0.00038293264812773415
Random Forest,50,tag__operational,Tag: operational,0.001522210716279376,0.002251338325884402,-0.00027828282141560424
Random Forest,51,title__product,Title term: product,0.001508026400035497,0.0032337832323770846,-0.00013193753449633822
Random Forest,52,title__sales,Title term: sales,0.0015016448434486945,0.003531040612598893,0.0001586021186240194
Random Forest,53,title__frontend,Title term: frontend,0.0015007796734758329,0.004371554999628577,0.00032274301125393936
Random Forest,54,title__support,Title term: support,0.001479212481055407,0.006500667433553132,-0.0004094583847977456
Random Forest,55,tag__edu,Tag: edu,0.0014296867850243033,0.0030306893427335772,0.0003184091626905948
Random Forest,56,tag__devops,Tag: devops,0.0014270371376685024,0.0031371356432318906,-0.0002911127519232875
Random Forest,57,tag__web,Tag: web,0.0014121630555198543,0.002186241063712848,5.794611453054896e-05
Random Forest,58,tag__growth,Tag: growth,0.001307021443124418,0.0015763189547836883,-0.0002420539608661037
Random Forest,59,title__engineering,Title term: engineering,0.0012624651509216287,0.0032137332139974607,-7.78170322967477e-05
Random Forest,60,tag__financial,Tag: financial,0.001255704001194439,0.0015576423728863146,-0.0001959818895805957
Random Forest,61,title__manager,Title term: manager,0.0012543237944786045,0.001631073506972742,-8.806086878250715e-05
Random Forest,62,tag__legal,Tag: legal,0.0012186796945474186,0.0026614890902519122,0.00010230548676016893
Random Forest,63,tag__medical,Tag: medical,0.0011891384336291757,0.00233142558362032,-0.0005061489897816487
Random Forest,64,title__lead,Title term: lead,0.0011673184875058554,0.0024647814683756712,4.841659294048593e-05
Random Forest,65,title__marketing,Title term: marketing,0.0010579755808598984,0.0022789919140789633,0.0003574647891313964
Random Forest,66,tag__code,Tag: code,0.001051009555404654,0.0015646224325459317,0.00036670492367682413
Random Forest,67,tag__operations,Tag: operations,0.0009975523354807771,0.0015474316687273204,0.00012257470277091107
Random Forest,68,tag__leader,Tag: leader,0.0009548901300328283,0.0014867295549818179,-7.23061662602614e-05
Random Forest,69,tag__recruiter,Tag: recruiter,0.0009453132927924225,0.002790700329562569,-9.079726457589521e-05
Random Forest,70,tag__strategy,Tag: strategy,0.0009410498566035776,0.0011959307259856117,0.00014540223492439947
Random Forest,71,tag__linux,Tag: linux,0.0009354308720515459,0.0027637395231432512,-1.398082238443163e-05
Random Forest,72,title__analyst,Title term: analyst,0.0008920842039008517,0.001992080972141027,0.0003434065984207868
Random Forest,73,tag__training,Tag: training,0.0008846579755865219,0.0015486419290612165,-6.377153883216579e-05
Random Forest,74,tag__crypto,Tag: crypto,0.0008725180370730172,0.0026910529579111855,0.00021417592233704492
Random Forest,75,title__react,Title term: react,0.000838538325165016,0.0028152018641430317,0.0002815208910046933
Random Forest,76,tag__manager,Tag: manager,0.0008306770677733184,0.0013342233134379204,4.716504267629378e-05
Random Forest,77,title__devops,Title term: devops,0.0008297477448397963,0.0019985665341831233,-0.0003614513307203604
Random Forest,78,tag__android,Tag: android,0.0008243619316421327,0.001980217438034117,0.00023885772167284993
Random Forest,79,title__designer,Title term: designer,0.0007970747294592144,0.002071405532400439,-6.776747283538344e-05
Random Forest,80,tag__executive,Tag: executive,0.0007215861792551661,0.001449806564559921,4.9011452761044573e-05
Random Forest,81,title__scientist,Title term: scientist,0.0007138025350122226,0.00310462071748859,0.00022079765078877447
Random Forest,82,title__architect,Title term: architect,0.0007080777076008853,0.002095662075153274,-5.8658338981478344e-05
Random Forest,83,title__web,Title term: web,0.0006795528363619578,0.0025868070271470307,0.0001231357500463228
Random Forest,84,tag__analyst,Tag: analyst,0.0006379741301840325,0.001435734615972931,0.0002466672008468388
Random Forest,85,tag__junior,Tag: junior,0.0006373382292906134,0.0009550076348884679,0.0003275506357229108
Random Forest,86,tag__full_time,Tag: full-time,0.0005649919389527661,0.0011694048324145327,-3.2271129635855866e-05
Random Forest,87,title__account,Title term: account,0.000547552700413541,0.0014891818693866259,4.0175513708140534e-05
Random Forest,88,tag__salesforce,Tag: salesforce,0.0005246030062265976,0.001401155524465168,7.621311858503078e-05
Random Forest,89,title__development,Title term: development,0.0005224981525439193,0.001502644385859617,8.749270476250704e-05
Random Forest,90,tag__go,Tag: go,0.0005128586133290355,0.0009980745042367139,-5.622811075452629e-05
Random Forest,91,tag__analytics,Tag: analytics,0.0004956210274217407,0.0009826892870400334,1.7724470346501003e-05
Random Forest,92,tag__finance,Tag: finance,0.00048638794917401496,0.0006257666864302369,0.00020507940246172786
Random Forest,93,tag__excel,Tag: excel,0.00048158060305019003,0.0009286679625097901,0.00019347314206787252
Random Forest,94,location__brazil,Location: brazil,0.00044040521255438587,0.0018292037295695991,-4.717167890578283e-05
Random Forest,95,tag__test,Tag: test,0.0004277331503884954,0.0009317985234811235,6.979990765289435e-05
Random Forest,96,tag__api,Tag: api,0.0004202391452452884,0.00103400639955109,0.0001237363800701288
Random Forest,97,tag__accounting,Tag: accounting,0.0004159443836027341,0.0013092007307021918,1.5236718754392795e-05
Random Forest,98,title__front,Title term: front,0.0004156145149128182,0.000987689485429522,0.0002448096535178227
Random Forest,99,tag__git,Tag: git,0.00040501953434970327,0.0014069402991326782,4.765254132062348e-05
Random Forest,100,tag__java,Tag: java,0.00039717492228896116,0.0017284943759488939,-0.00021009207643457947
Random Forest,101,title__specialist,Title term: specialist,0.000392009120894027,0.0007808976768476604,0.00019878974342162867
Random Forest,102,title__representative,Title term: representative,0.000346479563591458,0.001067160510057953,6.135587462969825e-05
Random Forest,103,title__director,Title term: director,0.00034141474100042406,0.0007204943107441484,-8.246695638461304e-05
Random Forest,104,tag__recruiting,Tag: recruiting,0.0003203337289613569,0.0006254512351782893,0.00010928543584104862
Random Forest,105,title__content,Title term: content,0.0003166002733878516,0.0009313051813926274,0.00010075190365732417
Random Forest,106,title__stack,Title term: stack,0.00030630302063840853,0.0008747052678181548,-4.548953136268822e-05
Random Forest,107,title__full,Title term: full,0.000295613193760699,0.0006635035561176689,1.4255034330332065e-06
Random Forest,108,tag__ux,Tag: ux,0.00028950522246492947,0.0008980623597795536,2.614956271846641e-06
Random Forest,109,tag__healthcare,Tag: healthcare,0.0002792691735610268,0.0005939168396269986,-5.820451049640793e-05
Random Forest,110,tag__director,Tag: director,0.00027571173824241603,0.0005663898810349203,5.030134419501118e-05
Random Forest,111,title__success,Title term: success,0.0002754083059738963,0.000886901851283803,2.5836938040341154e-05
Random Forest,112,location__united_kingdom,Location: united kingdom,0.00025132931947363516,0.0007589289073616312,-6.171603384061732e-05
Random Forest,113,location__india,Location: india,0.0002505019203435605,0.0009043257702104068,2.4569930979424057e-05
Random Forest,114,tag__recruitment,Tag: recruitment,0.00024946994741286923,0.0005801573407244721,4.355085811731172e-05
Random Forest,115,title__security,Title term: security,0.00023365655877461485,0.0007151807917909244,-8.536878807769627e-05
Random Forest,116,title__associate,Title term: associate,0.00021437873913825628,0.0007216840419017235,-3.382352732555827e-05
Random Forest,117,tag__fintech,Tag: fintech,0.00021336453279571392,0.0005879238793588512,3.184369765260667e-05
Random Forest,118,title__executive,Title term: executive,0.000212683869875279,0.00029595903785628683,0.00011611309318871489
Random Forest,119,title__golang,Title term: golang,0.00020880107715103203,0.0007119300728957254,1.8260995243761994e-05
Random Forest,120,tag__investment,Tag: investment,0.0002040770883438245,0.0004607460749451991,-6.161931118763006e-05
Random Forest,121,tag__voice,Tag: voice,0.00019599554184901417,0.0006662696913352181,2.9141099922419084e-06
Random Forest,122,location__canada,Location: canada,0.00019508222306245223,0.0005933451093444462,-3.4153227131857576e-05
Random Forest,123,tag__ui,Tag: ui,0.0001889224105819525,0.0005484434790794947,2.5327640287125454e-05
Random Forest,124,tag__consulting,Tag: consulting,0.00018624780931785344,0.00036127155230772156,4.8399465060757335e-05
Random Forest,125,tag__full_stack,Tag: full-stack,0.0001694468639034625,0.0004594987737126778,-1.2578417732481588e-05
Random Forest,126,title__ruby,Title term: ruby,0.00016473747457009538,0.00038659185475945276,-0.00011159196479046491
Random Forest,127,title__operations,Title term: operations,0.00015888568175751038,0.0005086380073405395,6.436029600914037e-06
Random Forest,128,title__technical,Title term: technical,0.0001552042787802206,0.0006143110178334543,-2.335220693175299e-05
Random Forest,129,title__end,Title term: end,0.0001517878153713408,0.00025563455346827905,0.00011580211933401287
Random Forest,130,tag__reliability,Tag: reliability,0.0001439998919482169,0.0003452849195667458,-5.134818860486513e-06
Random Forest,131,title__cloud,Title term: cloud,0.00014184897064416457,0.0006228853103965188,-2.188031765250915e-05
Random Forest,132,title__business,Title term: business,0.00013815568458156336,0.00040716060938533825,4.189652753805731e-05
Random Forest,133,title__systems,Title term: systems,0.0001275541053702843,0.00029349311739608106,-8.990197074999718e-05
Random Forest,134,tag__educational,Tag: educational,0.00012006219115052387,0.00030507598978600113,2.943759714883725e-05
Random Forest,135,title__enterprise,Title term: enterprise,0.00010067825241770067,0.0004583634345347141,5.9202221118261815e-06
Random Forest,136,title__intern,Title term: intern,6.272473779840888e-05,0.0002736440863457124,-2.094334486785449e-05
Random Forest,137,location__germany,Location: germany,6.20058501095366e-05,3.2274220319636595e-05,6.20058501095366e-05
Random Forest,138,title__staff,Title term: staff,5.743499283880091e-05,0.0002144498709599842,-1.541669239283756e-05
Random Forest,139,title__platform,Title term: platform,5.665910795721813e-05,0.00017086237598849883,1.479765161899806e-05
Random Forest,140,title__fullstack,Title term: fullstack,4.5808731630984514e-05,0.00017631316376038713,-2.360941257981408e-05
Random Forest,141,title__rails,Title term: rails,4.336743642595258e-05,8.797554871092267e-05,-8.77976787809474e-06
Random Forest,142,title__principal,Title term: principal,4.115769746672418e-05,3.693286242757292e-05,-3.5900917935536506e-05
Random Forest,143,location__australia,Location: australia,2.2047640475890088e-05,1.4965554184448965e-05,-2.2012504714551506e-05
Random Forest,144,location__netherlands,Location: netherlands,1.4261135285009789e-05,0.00011256648145166206,7.965628179732323e-06
Random Forest,145,location__mexico,Location: mexico,1.3751124179310294e-05,5.794868089115293e-05,1.4547163474719078e-06
Random Forest,146,location__spain,Location: spain,1.2179959040687177e-05,1.2656626100255544e-05,1.2178563346648843e-05
Random Forest,147,location__argentina,Location: argentina,1.1038089730301731e-05,4.083892464808369e-05,5.87566648865748e-06
Random Forest,148,location__nigeria,Location: nigeria,9.05086004498221e-06,2.7086681575860517e-05,-5.481392424060966e-06
Random Forest,149,location__france,Location: france,8.80457504509144e-06,1.0455485575249422e-05,-8.317281027754162e-06
Random Forest,150,location__poland,Location: poland,8.220027370121463e-06,1.3050999963750569e-05,8.080612222592047e-06
Random Forest,151,location__colombia,Location: colombia,4.19522935249355e-06,3.4806404453961813e-06,4.19522935249355e-06
Random Forest,152,location__philippines,Location: philippines,3.977772710114724e-06,1.0492356952906015e-05,-4.599895840155759e-07
Random Forest,153,location__portugal,Location: portugal,3.167449082295425e-06,3.88610849840712e-06,2.926536651450628e-06
Random Forest,154,location__singapore,Location: singapore,2.264643857508031e-06,3.098986194776686e-06,-2.101856233457411e-06
Random Forest,155,location__gibraltar,Location: gibraltar,2.065521046022077e-06,2.6230042958892276e-06,2.065521046022077e-06
Random Forest,156,location__ireland,Location: ireland,1.7484425409669508e-06,1.2896271729046375e-06,1.6005285633803247e-06
Histogram Gradient Boosting,1,posting_age_days,Posting age in days,1.1396614074205018,0.8675806623947282,0.06518449834368994
Histogram Gradient Boosting,2,tag__sales,Tag: sales,0.18564248369734473,0.23965741330396945,-0.01461170890076253
Histogram Gradient Boosting,3,tag__non_tech,Tag: non tech,0.14819971032656987,0.23642116755132878,-0.00027678860005753944
Histogram Gradient Boosting,4,tag__engineer,Tag: engineer,0.125816708690355,0.08819713498409248,-0.04108976997019089
Histogram Gradient Boosting,5,tag__javascript,Tag: javascript,0.12322074721740206,0.1483096999497745,0.013932251587165215
Histogram Gradient Boosting,6,tag__marketing,Tag: marketing,0.10934179385072654,0.13928570355236564,0.0023100040562280145
Histogram Gradient Boosting,7,tag__video,Tag: video,0.10550791083836462,0.1869767458593898,-0.0015288507151529425
Histogram Gradient Boosting,8,tag_count,Number of tags,0.09472859534418458,0.08956489319488345,0.014372251762785641
Histogram Gradient Boosting,9,post_month,Posting month,0.07999928925798812,0.07996009747364663,-0.0004599959774512288
Histogram Gradient Boosting,10,description_chars_log,"Description length, log",0.07474605543788744,0.14682341900203347,-0.018485394969056265
Histogram Gradient Boosting,11,tag__english,Tag: english,0.060829487971132176,0.13434567710628573,0.002834496038587785
Histogram Gradient Boosting,12,tag__cloud,Tag: cloud,0.05969712541013957,0.09414185789515556,-0.016680230990796564
Histogram Gradient Boosting,13,tag__senior,Tag: senior,0.0487767803561893,0.06036172614888877,-0.010129328317003673
Histogram Gradient Boosting,14,tag__microsoft,Tag: microsoft,0.04671142954255935,0.11978430631023149,-0.006205482858973323
Histogram Gradient Boosting,15,tag__design,Tag: design,0.04577557994975492,0.07249704249445932,-0.01319193988414786
Histogram Gradient Boosting,16,location__united_states,Location: united states,0.041160630163050424,0.0406929139721241,-0.004948463654837362
Histogram Gradient Boosting,17,tag__travel,Tag: travel,0.03854958383662921,0.09830291258158756,0.006875385095611412
Histogram Gradient Boosting,18,tag__testing,Tag: testing,0.03816861850262875,0.0851132571519265,0.004442573702782505
Histogram Gradient Boosting,19,tag__react,Tag: react,0.03706111299424328,0.06864062156643737,-0.0026730950905920928
Histogram Gradient Boosting,20,tag__legal,Tag: legal,0.035722737896535926,0.0878911348337862,0.007871666940006931
Histogram Gradient Boosting,21,tag__golang,Tag: golang,0.03517570455493503,0.06769534302081892,0.00025036882056092574
Histogram Gradient Boosting,22,tag__software,Tag: software,0.03434000661137769,0.032441966706335555,0.0066576933784471175
Histogram Gradient Boosting,23,tag__saas,Tag: saas,0.033554885045938045,0.05466838833386541,-0.0021372976387037204
Histogram Gradient Boosting,24,tag__system,Tag: system,0.033250275506249545,0.04194597462164847,-0.001236963690187834
Histogram Gradient Boosting,25,tag__python,Tag: python,0.033248725861163814,0.06853580194878851,-0.006582226261982461
Histogram Gradient Boosting,26,tag__mobile,Tag: mobile,0.03195404533518314,0.08782714876730624,-0.006471949375994506
Histogram Gradient Boosting,27,title_chars_log,"Title length, log",0.02899676661321843,0.04235363080749926,-0.0017434055233337853
Histogram Gradient Boosting,28,tag__ruby,Tag: ruby,0.028766312808160447,0.07247557879988857,-0.010529450293623841
Histogram Gradient Boosting,29,tag__health,Tag: health,0.028498846001263452,0.027431141064548956,-0.0031913321323464644
Histogram Gradient Boosting,30,tag__salesforce,Tag: salesforce,0.0280069084461528,0.09665673126947212,0.01396551576078941
Histogram Gradient Boosting,31,tag__backend,Tag: backend,0.027376654956696042,0.03733300128975056,0.0018192660338078508
Histogram Gradient Boosting,32,title__data,Title term: data,0.027021369554521304,0.07610183649066332,0.008995214874566776
Histogram Gradient Boosting,33,title__engineer,Title term: engineer,0.02519845824599768,0.017638486183586048,0.00033633102180121284
Histogram Gradient Boosting,34,tag__crypto,Tag: crypto,0.02489316832889839,0.07628032315786366,0.004617127536167705
Histogram Gradient Boosting,35,title__lead,Title term: lead,0.024846769641910686,0.05367077962934254,0.004252919095388697
Histogram Gradient Boosting,36,tag__engineering,Tag: engineering,0.02340347205683557,0.02109715755717077,-0.0010921491591567567
Histogram Gradient Boosting,37,tag__quality_assurance,Tag: quality assurance,0.022672163510876496,0.055346096678176165,-0.0023097395076778666
Histogram Gradient Boosting,38,title__engineering,Title term: engineering,0.022130169900496426,0.07162299063928027,0.003353777646826629
Histogram Gradient Boosting,39,tag__developer,Tag: developer,0.021698906216222464,0.02937503635721677,-0.0026391369993614936
Histogram Gradient Boosting,40,tag__front_end,Tag: front end,0.021666165018419253,0.03745142680549252,0.003260927047451118
Histogram Gradient Boosting,41,tag__android,Tag: android,0.02053039701705248,0.0686472296377483,-0.0012950751388653055
Histogram Gradient Boosting,42,tag__medical,Tag: medical,0.01922128022961186,0.057496843449281465,-0.0034443818778990996
Histogram Gradient Boosting,43,title__customer,Title term: customer,0.018636341618225347,0.05952753127107974,0.0002342120917258374
Histogram Gradient Boosting,44,post_year,Posting year,0.01849429339885711,0.03273049561695055,0.0013117477093429124
Histogram Gradient Boosting,45,tag__operational,Tag: operational,0.016358951258929628,0.02377727109911076,-0.0033546850500933444
Histogram Gradient Boosting,46,title__support,Title term: support,0.016335560004925403,0.06358774050180968,-0.002630917734979849
Histogram Gradient Boosting,47,tag__devops,Tag: devops,0.015809556064954596,0.025006013946718978,-0.00476215165935006
Histogram Gradient Boosting,48,tag__recruiter,Tag: recruiter,0.015586306726028674,0.04683943003192988,-0.0025781215244969147
Histogram Gradient Boosting,49,tag__management,Tag: management,0.015555375044134312,0.017193770169069242,0.0012054970144191523
Histogram Gradient Boosting,50,tag__junior,Tag: junior,0.015356216677665095,0.035353503775879265,0.002169413232505591
Histogram Gradient Boosting,51,title__web,Title term: web,0.013489841664297833,0.06188407394732942,-0.00011718773209775838
Histogram Gradient Boosting,52,tag__edu,Tag: edu,0.012912021470982213,0.04092522107538552,-0.0001451302444552765
Histogram Gradient Boosting,53,title__architect,Title term: architect,0.012507631430976456,0.050075061217655654,0.0035447966686073147
Histogram Gradient Boosting,54,title__frontend,Title term: frontend,0.012161897349476113,0.04078931140932852,0.0004803090944274717
Histogram Gradient Boosting,55,title__developer,Title term: developer,0.011688766898458519,0.019232213606316873,-0.0007333443981377076
Histogram Gradient Boosting,56,tag__node,Tag: node,0.01097884776702136,0.027486818320704376,0.0027268614312405525
Histogram Gradient Boosting,57,title__analyst,Title term: analyst,0.010714262341963965,0.027859986326417296,0.0029142373790901287
Histogram Gradient Boosting,58,tag__financial,Tag: financial,0.010588476540279522,0.019755947018236845,-0.000782342712293302
Histogram Gradient Boosting,59,title__backend,Title term: backend,0.01021141635510273,0.027104331717670946,0.0004830847124568196
Histogram Gradient Boosting,60,location_count,Number of location labels,0.009994683204965717,0.017930169372915084,0.0014639177861412095
Histogram Gradient Boosting,61,tag__manager,Tag: manager,0.009843826149979416,0.013991534126742452,-0.0001901432294816484
Histogram Gradient Boosting,62,tag__technical,Tag: technical,0.009090472070719682,0.012467571462776132,0.0012966608044106558
Histogram Gradient Boosting,63,title__senior,Title term: senior,0.009084021803424828,0.017009614221528885,-0.001183497650249228
Histogram Gradient Boosting,64,title__manager,Title term: manager,0.008631152587000075,0.015276558126581644,-0.0002193033628106367
Histogram Gradient Boosting,65,title__product,Title term: product,0.008174741747570918,0.022320962181158522,0.001406932036186764
Histogram Gradient Boosting,66,title__content,Title term: content,0.007909904506512019,0.03834824046870648,-0.0013234308031700739
Histogram Gradient Boosting,67,title__director,Title term: director,0.00787450814777474,0.027947538231726344,0.0006604856206644399
Histogram Gradient Boosting,68,tag__finance,Tag: finance,0.007659251740105544,0.015659118575546,0.0016887046478899265
Histogram Gradient Boosting,69,tag__support,Tag: support,0.007267711257470208,0.013225575152694315,0.0017283347729636091
Histogram Gradient Boosting,70,tag__content,Tag: content,0.007178614785664033,0.013049411336183085,0.0010937104831689835
Histogram Gradient Boosting,71,tag__java,Tag: java,0.006681768961220359,0.02971889532916719,-0.0037409792015880064
Histogram Gradient Boosting,72,tag__full_time,Tag: full-time,0.006560812571948927,0.02163670202131465,-0.004015477690858019
Histogram Gradient Boosting,73,tag__lead,Tag: lead,0.005944243016527531,0.0075922092931579,0.0012580977828222414
Histogram Gradient Boosting,74,title__software,Title term: software,0.005762237263887444,0.009630225522302737,0.00036242130282202237
Histogram Gradient Boosting,75,tag__accounting,Tag: accounting,0.005461772577371978,0.020536787821077675,-0.0014708504524906837
Histogram Gradient Boosting,76,title__designer,Title term: designer,0.0052386209864521815,0.013884101525451628,-0.00031603910544541716
Histogram Gradient Boosting,77,tag__security,Tag: security,0.005210806007977651,0.006885602411867462,-0.0011936349837454096
Histogram Gradient Boosting,78,tag__linux,Tag: linux,0.0052046967165149975,0.017208092121823424,0.0003916987236778347
Histogram Gradient Boosting,79,title__development,Title term: development,0.005125656808006657,0.022647660051060368,-0.0006960103303274794
Histogram Gradient Boosting,80,title__security,Title term: security,0.0049930732939035055,0.01830246892662383,-0.0019320311282150454
Histogram Gradient Boosting,81,tag__recruiting,Tag: recruiting,0.0049471115801073585,0.011151816136163931,0.0009512846783292422
Histogram Gradient Boosting,82,tag__training,Tag: training,0.0048013607268439715,0.012277513781532096,-9.733984988629381e-05
Histogram Gradient Boosting,83,title__specialist,Title term: specialist,0.004594477166169389,0.007958390666204592,0.003078553401332927
Histogram Gradient Boosting,84,title__sales,Title term: sales,0.004489536347227562,0.01599080591757729,-0.0007660165189310891
Histogram Gradient Boosting,85,title__devops,Title term: devops,0.003713392220159565,0.010316050284054565,-0.0014112679625372245
Histogram Gradient Boosting,86,tag__go,Tag: go,0.0032501400658083183,0.006817137732850829,0.0004331093267854649
Histogram Gradient Boosting,87,tag__operations,Tag: operations,0.003089811352127187,0.006025657606244751,5.804987565726495e-05
Histogram Gradient Boosting,88,tag__analytics,Tag: analytics,0.0029042517376910034,0.0055186162704198415,0.0005898886302586187
Histogram Gradient Boosting,89,tag__git,Tag: git,0.00285605505351191,0.008252002607664474,0.0002452932880743775
Histogram Gradient Boosting,90,tag__excel,Tag: excel,0.0028307595014754696,0.007248254714478112,0.000788266618717244
Histogram Gradient Boosting,91,title__business,Title term: business,0.0028295292068349753,0.008734969498449834,0.001752302019257666
Histogram Gradient Boosting,92,tag__leader,Tag: leader,0.002553643533610492,0.003900578500404933,-0.000639984628125486
Histogram Gradient Boosting,93,tag__consulting,Tag: consulting,0.0025327898132438795,0.01057833672253517,-0.0007081051615021183
Histogram Gradient Boosting,94,title__associate,Title term: associate,0.0022912134324529782,0.007363570228970194,-0.0008541897902761155
Histogram Gradient Boosting,95,title__scientist,Title term: scientist,0.0020576714870447687,0.008754595871875952,0.0005017304742261571
Histogram Gradient Boosting,96,tag__test,Tag: test,0.0020347854472081853,0.015905069163391163,0.0006584881328192237
Histogram Gradient Boosting,97,tag__api,Tag: api,0.001945800084642661,0.005651591566024053,1.688373808613994e-05
Histogram Gradient Boosting,98,title__systems,Title term: systems,0.001825897948823615,0.0016112437978643651,-0.0016237673442424275
Histogram Gradient Boosting,99,tag__growth,Tag: growth,0.001655142077290627,0.004086433405228164,-9.367050402060764e-05
Histogram Gradient Boosting,100,tag__strategy,Tag: strategy,0.0016412734083098867,0.0030414838794239527,0.00016864685715104147
Histogram Gradient Boosting,101,tag__web,Tag: web,0.001577887135501959,0.005191540570430915,0.0001204952968879551
Histogram Gradient Boosting,102,tag__executive,Tag: executive,0.001471791601596826,0.003386160653552415,0.00017031901921137516
Histogram Gradient Boosting,103,tag__ui,Tag: ui,0.0014379603692374777,0.004764726061365545,8.610163621300957e-05
Histogram Gradient Boosting,104,title__principal,Title term: principal,0.0013807957874577993,0.00062463481377597,-0.0013201822225693898
Histogram Gradient Boosting,105,title__marketing,Title term: marketing,0.0013532324979333274,0.0024889108063539415,-0.000716289035464068
Histogram Gradient Boosting,106,tag__fintech,Tag: fintech,0.0013259125790033147,0.00598959821793563,-7.786565234200191e-05
Histogram Gradient Boosting,107,title__front,Title term: front,0.001304130813645772,0.0030830641029219955,0.0006376248531716775
Histogram Gradient Boosting,108,tag__voice,Tag: voice,0.0012602834052635843,0.0036531517785059744,9.168358639644839e-05
Histogram Gradient Boosting,109,tag__analyst,Tag: analyst,0.0012271824738680963,0.0036926823577630914,0.00035764738538893756
Histogram Gradient Boosting,110,tag__reliability,Tag: reliability,0.0011267426415738592,0.003198884857296551,0.000495018992471051
Histogram Gradient Boosting,111,location__india,Location: india,0.0010945514579694196,0.004208039053804886,5.5093611288120324e-05
Histogram Gradient Boosting,112,tag__code,Tag: code,0.0010222465050626337,0.002072961733079821,0.0005203641731649041
Histogram Gradient Boosting,113,location__canada,Location: canada,0.0010061832153356717,0.0020467536270693857,-0.00034020228152703926
Histogram Gradient Boosting,114,title__full,Title term: full,0.0008918782798629817,0.003709808413613891,-7.94610343792546e-05
Histogram Gradient Boosting,115,title__rails,Title term: rails,0.0008681220144388473,0.0037333875046404188,0.0008681220144388473
Histogram Gradient Boosting,116,location__united_kingdom,Location: united kingdom,0.0008400777555975262,0.0023204685243797857,-1.5305410163767883e-05
Histogram Gradient Boosting,117,title__react,Title term: react,0.0008365520978756511,0.005478424028299264,0.00015880174361679355
Histogram Gradient Boosting,118,title__account,Title term: account,0.0008110612448365806,0.0042272902136073496,-0.00022595695403085977
Histogram Gradient Boosting,119,title__operations,Title term: operations,0.0007939826446514065,0.0021029362321825485,0.00021404342889148084
Histogram Gradient Boosting,120,title__success,Title term: success,0.0007647702413716344,0.0029552822286071597,-6.153513407195991e-05
Histogram Gradient Boosting,121,title__golang,Title term: golang,0.0007355925718735655,0.007212054443373677,0.00018006670616788339
Histogram Gradient Boosting,122,tag__ux,Tag: ux,0.0006021051724726628,0.0013429666356709682,6.361443106071382e-05
Histogram Gradient Boosting,123,tag__recruitment,Tag: recruitment,0.0005113613699988416,0.0014348545207620244,0.00013787814579967105
Histogram Gradient Boosting,124,title__stack,Title term: stack,0.0004947056394704977,0.0010714410593292013,-0.0001322970405697235
Histogram Gradient Boosting,125,tag__full_stack,Tag: full-stack,0.00046127332333706914,0.003559166686387329,-0.00025387233093425145
Histogram Gradient Boosting,126,location__france,Location: france,0.0003532062420515351,2.3547292511550765e-05,-0.0003532062420515351
Histogram Gradient Boosting,127,title__representative,Title term: representative,0.0003255467605339329,0.0016071139353855627,8.408802017517636e-05
Histogram Gradient Boosting,128,title__executive,Title term: executive,0.00031633564064284384,0.0017952152858639844,0.0001235573832384813
Histogram Gradient Boosting,129,tag__healthcare,Tag: healthcare,0.00030006115790147386,0.0007431848507977307,-9.679444283086191e-05
Histogram Gradient Boosting,130,location__ireland,Location: ireland,0.0002959074219508633,1.7312343347219538e-05,-0.0002959074219508633
Histogram Gradient Boosting,131,title__end,Title term: end,0.00027783214432580455,0.0005964556001950741,0.00012413243843537597
Histogram Gradient Boosting,132,title__technical,Title term: technical,0.00017811681680862603,0.0003645239951065413,4.0733658445624675e-05
Histogram Gradient Boosting,133,tag__investment,Tag: investment,0.00017627198172848874,0.0003766042371755259,-0.00011686850706459304
Histogram Gradient Boosting,134,location__portugal,Location: portugal,0.00015227619066076744,1.538451052949152e-05,0.00015227619066076744
Histogram Gradient Boosting,135,title__cloud,Title term: cloud,8.743761879854227e-05,0.00020254108671155272,-7.209684036421072e-05
Histogram Gradient Boosting,136,title__platform,Title term: platform,0.0,0.0,0.0
Histogram Gradient Boosting,137,title__enterprise,Title term: enterprise,0.0,0.0,0.0
Histogram Gradient Boosting,138,title__fullstack,Title term: fullstack,0.0,0.0,0.0
Histogram Gradient Boosting,139,title__ruby,Title term: ruby,0.0,0.0,0.0
Histogram Gradient Boosting,140,title__intern,Title term: intern,0.0,0.0,0.0
Histogram Gradient Boosting,141,title__staff,Title term: staff,0.0,0.0,0.0
Histogram Gradient Boosting,142,location__brazil,Location: brazil,0.0,0.0,0.0
Histogram Gradient Boosting,143,location__spain,Location: spain,0.0,0.0,0.0
Histogram Gradient Boosting,144,location__mexico,Location: mexico,0.0,0.0,0.0
Histogram Gradient Boosting,145,location__poland,Location: poland,0.0,0.0,0.0
Histogram Gradient Boosting,146,location__australia,Location: australia,0.0,0.0,0.0
Histogram Gradient Boosting,147,location__germany,Location: germany,0.0,0.0,0.0
Histogram Gradient Boosting,148,location__philippines,Location: philippines,0.0,0.0,0.0
Histogram Gradient Boosting,149,location__colombia,Location: colombia,0.0,0.0,0.0
Histogram Gradient Boosting,150,location__gibraltar,Location: gibraltar,0.0,0.0,0.0
Histogram Gradient Boosting,151,location__nigeria,Location: nigeria,0.0,0.0,0.0
Histogram Gradient Boosting,152,location__netherlands,Location: netherlands,0.0,0.0,0.0
Histogram Gradient Boosting,153,location__argentina,Location: argentina,0.0,0.0,0.0
Histogram Gradient Boosting,154,location__singapore,Location: singapore,0.0,0.0,0.0
Histogram Gradient Boosting,155,tag__educational,Tag: educational,0.0,0.0,0.0
Histogram Gradient Boosting,156,tag__director,Tag: director,0.0,0.0,0.0
